Div,League,Season,Date,Time,HomeTeam,AwayTeam,FTHG,FTAG,FTR,PSH,PSD,PSA,MaxH,MaxD,MaxA,AvgH,AvgD,AvgA
NOR1,Eliteserien,2018,2018-03-11,17:00,Bodo/Glimt,Lillestrom,3,1,H,2.44,3.55,2.95,2.44,3.56,3.3,2.27,3.4,3.07
NOR1,Eliteserien,2018,2018-03-11,17:00,Molde,Sandefjord,5,0,H,1.43,4.92,8.1,1.46,5.0,8.3,1.41,4.57,7.41
NOR1,Eliteserien,2018,2018-03-11,17:00,Odd,Haugesund,1,2,A,1.9,3.45,4.63,1.94,3.5,4.75,1.86,3.35,4.43
NOR1,Eliteserien,2018,2018-03-11,17:00,Start,Tromso,4,1,H,2.42,3.36,3.13,2.5,3.38,3.18,2.36,3.23,3.04
NOR1,Eliteserien,2018,2018-03-11,17:00,Stromsgodset,Stabaek,2,2,D,1.66,4.1,5.46,1.75,4.14,5.75,1.67,3.87,4.97
NOR1,Eliteserien,2018,2018-03-11,19:00,Sarpsborg 08,Rosenborg,1,0,H,3.13,3.29,2.46,3.3,3.32,2.47,3.06,3.21,2.36
NOR1,Eliteserien,2018,2018-03-12,18:00,Kristiansund,Valerenga,0,1,A,2.61,3.51,2.76,2.85,3.52,2.87,2.62,3.3,2.66
NOR1,Eliteserien,2018,2018-03-17,14:30,Lillestrom,Sarpsborg 08,2,2,D,2.64,3.31,2.86,2.7,3.35,2.92,2.58,3.21,2.76
NOR1,Eliteserien,2018,2018-03-17,17:00,Rosenborg,Kristiansund,2,2,D,1.24,6.25,15.0,1.29,6.7,15.5,1.23,5.87,13.31
NOR1,Eliteserien,2018,2018-03-18,17:00,Brann,Bodo/Glimt,2,0,H,1.83,3.54,4.93,1.9,3.75,4.93,1.82,3.54,4.39
NOR1,Eliteserien,2018,2018-03-18,17:00,Haugesund,Molde,0,1,A,3.09,3.28,2.49,3.15,3.4,2.51,2.98,3.24,2.4
NOR1,Eliteserien,2018,2018-03-18,19:00,Valerenga,Odd,2,1,H,1.96,3.49,4.27,2.0,3.6,4.27,1.94,3.42,3.96
NOR1,Eliteserien,2018,2018-04-02,17:00,Bodo/Glimt,Haugesund,0,3,A,1.88,3.8,4.28,1.91,3.86,4.45,1.85,3.61,4.14
NOR1,Eliteserien,2018,2018-04-02,17:00,Kristiansund,Lillestrom,2,1,H,2.8,3.35,2.68,2.87,3.45,2.75,2.72,3.25,2.61
NOR1,Eliteserien,2018,2018-04-02,17:00,Molde,Tromso,2,1,H,1.53,4.3,6.87,1.57,4.4,6.94,1.53,4.15,6.12
NOR1,Eliteserien,2018,2018-04-02,17:00,Ranheim,Stabaek,4,1,H,3.2,3.62,2.26,3.3,3.7,2.4,3.1,3.46,2.23
NOR1,Eliteserien,2018,2018-04-02,17:00,Sarpsborg 08,Valerenga,3,0,H,2.19,3.42,3.55,2.25,3.6,3.85,2.11,3.37,3.48
NOR1,Eliteserien,2018,2018-04-02,17:00,Start,Sandefjord,1,4,A,1.66,3.93,5.75,1.7,4.0,6.1,1.64,3.83,5.38
NOR1,Eliteserien,2018,2018-04-02,17:00,Stromsgodset,Brann,1,1,D,2.04,3.64,3.75,2.12,3.7,3.9,2.02,3.47,3.64
NOR1,Eliteserien,2018,2018-04-02,19:00,Odd,Rosenborg,1,1,D,3.55,3.38,2.21,4.0,3.55,2.27,3.46,3.31,2.14
NOR1,Eliteserien,2018,2018-04-07,17:00,Valerenga,Stromsgodset,1,4,A,2.02,3.75,3.71,2.1,3.75,3.8,2.01,3.57,3.57
NOR1,Eliteserien,2018,2018-04-08,17:00,Brann,Kristiansund,1,0,H,1.68,3.8,5.85,1.7,3.9,6.1,1.64,3.75,5.47
NOR1,Eliteserien,2018,2018-04-08,17:00,Haugesund,Sarpsborg 08,1,1,D,2.82,3.3,2.68,2.91,3.35,2.76,2.75,3.2,2.61
NOR1,Eliteserien,2018,2018-04-08,17:00,Odd,Bodo/Glimt,1,0,H,2.14,3.52,3.58,2.2,3.6,3.7,2.09,3.45,3.45
NOR1,Eliteserien,2018,2018-04-08,17:00,Sandefjord,Stabaek,1,1,D,2.79,3.68,2.5,2.87,3.68,2.62,2.73,3.46,2.48
NOR1,Eliteserien,2018,2018-04-08,17:00,Tromso,Ranheim,4,0,H,1.67,4.21,5.19,1.7,4.21,5.5,1.64,3.97,5.07
NOR1,Eliteserien,2018,2018-04-08,19:00,Rosenborg,Molde,4,0,H,1.8,3.68,4.81,1.9,3.83,4.86,1.8,3.63,4.4
NOR1,Eliteserien,2018,2018-04-09,18:00,Lillestrom,Start,1,0,H,1.93,3.77,4.07,1.98,3.8,4.25,1.91,3.59,3.89
NOR1,Eliteserien,2018,2018-04-11,17:30,Sandefjord,Ranheim,1,2,A,2.04,3.46,4.0,2.07,3.6,4.23,1.96,3.44,3.9
NOR1,Eliteserien,2018,2018-04-11,17:30,Tromso,Stromsgodset,3,1,H,2.4,3.56,3.0,2.47,3.6,3.2,2.33,3.42,2.96
NOR1,Eliteserien,2018,2018-04-14,17:00,Start,Valerenga,1,6,A,2.6,3.54,2.75,2.72,3.6,2.75,2.57,3.42,2.65
NOR1,Eliteserien,2018,2018-04-15,17:00,Molde,Lillestrom,2,1,H,1.67,4.1,5.35,1.75,4.15,5.35,1.68,3.89,4.87
NOR1,Eliteserien,2018,2018-04-15,17:00,Ranheim,Haugesund,4,2,H,2.88,3.44,2.55,3.0,3.5,2.6,2.81,3.32,2.48
NOR1,Eliteserien,2018,2018-04-15,17:00,Sandefjord,Kristiansund,3,3,D,2.75,3.12,2.9,2.8,3.3,2.9,2.62,3.15,2.78
NOR1,Eliteserien,2018,2018-04-15,17:00,Stabaek,Tromso,1,1,D,2.1,3.71,3.51,2.19,3.75,3.65,2.09,3.55,3.35
NOR1,Eliteserien,2018,2018-04-15,17:00,Stromsgodset,Odd,3,0,H,1.9,3.71,4.26,1.95,3.75,4.5,1.87,3.56,4.13
NOR1,Eliteserien,2018,2018-04-15,19:00,Sarpsborg 08,Brann,1,2,A,2.33,3.35,3.36,2.46,3.45,3.54,2.22,3.28,3.31
NOR1,Eliteserien,2018,2018-04-16,18:00,Bodo/Glimt,Rosenborg,0,1,A,5.04,3.93,1.73,5.25,4.05,1.76,4.7,3.86,1.7
NOR1,Eliteserien,2018,2018-04-21,17:00,Brann,Stabaek,3,0,H,1.74,3.83,5.14,1.78,3.85,5.5,1.73,3.66,4.8
NOR1,Eliteserien,2018,2018-04-22,17:00,Haugesund,Stromsgodset,1,0,H,2.41,3.52,3.02,2.47,3.55,3.1,2.38,3.35,2.92
NOR1,Eliteserien,2018,2018-04-22,17:00,Kristiansund,Bodo/Glimt,1,1,D,2.46,3.43,3.01,2.5,3.45,3.42,2.38,3.31,2.97
NOR1,Eliteserien,2018,2018-04-22,17:00,Lillestrom,Ranheim,0,1,A,1.55,4.54,6.07,1.65,4.54,6.25,1.55,4.19,5.74
NOR1,Eliteserien,2018,2018-04-22,17:00,Rosenborg,Start,2,0,H,1.29,5.95,11.25,1.3,6.62,12.5,1.26,5.84,10.42
NOR1,Eliteserien,2018,2018-04-22,17:00,Tromso,Sandefjord,4,1,H,1.43,4.77,8.2,1.5,4.77,8.2,1.44,4.46,7.24
NOR1,Eliteserien,2018,2018-04-22,19:00,Valerenga,Molde,0,0,D,2.01,3.77,3.74,2.15,3.77,3.9,2.0,3.56,3.61
NOR1,Eliteserien,2018,2018-04-23,18:00,Odd,Sarpsborg 08,3,1,H,2.73,3.24,2.82,2.9,3.3,2.85,2.68,3.15,2.72
NOR1,Eliteserien,2018,2018-04-25,17:30,Ranheim,Brann,0,2,A,3.21,3.42,2.35,3.28,3.46,2.45,3.09,3.3,2.32
NOR1,Eliteserien,2018,2018-04-25,17:30,Stabaek,Start,1,1,D,1.7,4.2,4.88,1.85,4.25,5.25,1.7,3.98,4.59
NOR1,Eliteserien,2018,2018-04-28,17:00,Ranheim,Valerenga,2,2,D,3.5,3.57,2.16,3.58,3.6,2.4,3.28,3.45,2.16
NOR1,Eliteserien,2018,2018-04-29,17:00,Molde,Odd,0,1,A,1.69,3.89,5.5,1.74,4.05,5.7,1.67,3.8,5.08
NOR1,Eliteserien,2018,2018-04-29,17:00,Sandefjord,Brann,0,1,A,4.55,3.35,1.95,4.78,3.68,1.95,4.48,3.38,1.86
NOR1,Eliteserien,2018,2018-04-29,17:00,Sarpsborg 08,Bodo/Glimt,0,0,D,1.88,3.74,4.34,1.92,3.8,4.85,1.84,3.65,4.2
NOR1,Eliteserien,2018,2018-04-29,17:00,Start,Haugesund,0,1,A,2.72,3.39,2.72,2.75,3.45,2.75,2.65,3.31,2.62
NOR1,Eliteserien,2018,2018-04-29,17:00,Tromso,Kristiansund,0,0,D,1.65,4.04,5.71,1.73,4.15,5.81,1.64,3.87,5.32
NOR1,Eliteserien,2018,2018-04-29,19:00,Stromsgodset,Rosenborg,0,1,A,3.36,3.51,2.23,3.36,3.55,2.37,3.14,3.37,2.25
NOR1,Eliteserien,2018,2018-04-30,18:00,Stabaek,Lillestrom,3,2,H,2.34,3.66,3.01,2.5,3.68,3.15,2.39,3.47,2.85
NOR1,Eliteserien,2018,2018-05-05,17:00,Rosenborg,Ranheim,1,1,D,1.27,6.1,12.63,1.32,6.7,12.63,1.28,5.59,10.5
NOR1,Eliteserien,2018,2018-05-06,17:00,Bodo/Glimt,Stromsgodset,2,2,D,2.25,3.79,3.08,2.34,3.79,3.22,2.23,3.53,3.05
NOR1,Eliteserien,2018,2018-05-06,17:00,Kristiansund,Stabaek,1,0,H,2.24,3.59,3.24,2.3,3.6,3.58,2.15,3.46,3.27
NOR1,Eliteserien,2018,2018-05-06,17:00,Lillestrom,Sandefjord,1,0,H,1.45,4.87,7.25,1.5,4.95,8.7,1.41,4.65,7.35
NOR1,Eliteserien,2018,2018-05-06,17:00,Odd,Start,3,0,H,1.83,3.57,4.86,1.87,3.8,5.0,1.81,3.52,4.52
NOR1,Eliteserien,2018,2018-05-06,17:00,Valerenga,Haugesund,2,2,D,1.81,3.94,4.45,2.08,3.94,4.45,1.91,3.58,3.91
NOR1,Eliteserien,2018,2018-05-06,19:00,Brann,Tromso,3,0,H,1.68,3.85,5.53,1.73,3.94,5.9,1.65,3.75,5.29
NOR1,Eliteserien,2018,2018-05-07,18:00,Sarpsborg 08,Molde,2,2,D,2.35,3.45,3.16,2.45,3.6,3.28,2.29,3.36,3.08
NOR1,Eliteserien,2018,2018-05-12,14:30,Sandefjord,Valerenga,0,1,A,4.16,3.59,1.95,4.32,3.65,1.97,4.04,3.52,1.9
NOR1,Eliteserien,2018,2018-05-12,17:00,Start,Brann,0,1,A,3.68,3.54,2.07,4.26,3.68,2.12,3.67,3.45,2.02
NOR1,Eliteserien,2018,2018-05-13,17:00,Haugesund,Kristiansund,3,2,H,1.82,3.52,5.05,1.88,3.6,5.05,1.8,3.48,4.66
NOR1,Eliteserien,2018,2018-05-13,17:00,Molde,Bodo/Glimt,1,2,A,1.75,4.02,4.66,1.81,4.05,4.75,1.74,3.86,4.49
NOR1,Eliteserien,2018,2018-05-13,17:00,Ranheim,Odd,3,1,H,2.6,3.45,2.8,2.65,3.5,2.95,2.52,3.31,2.77
NOR1,Eliteserien,2018,2018-05-13,17:00,Stromsgodset,Sarpsborg 08,1,2,A,2.09,3.32,3.97,2.14,3.7,3.98,2.04,3.36,3.72
NOR1,Eliteserien,2018,2018-05-13,17:00,Tromso,Lillestrom,1,2,A,2.23,3.26,3.6,2.27,3.9,3.6,2.15,3.39,3.36
NOR1,Eliteserien,2018,2018-05-13,19:00,Stabaek,Rosenborg,0,1,A,4.57,4.0,1.77,4.75,4.05,1.83,4.46,3.8,1.76
NOR1,Eliteserien,2018,2018-05-16,17:00,Bodo/Glimt,Tromso,0,1,A,1.85,4.0,4.08,1.91,4.05,4.5,1.83,3.82,4.0
NOR1,Eliteserien,2018,2018-05-16,17:00,Brann,Haugesund,1,1,D,1.77,3.55,5.32,1.83,3.7,5.35,1.76,3.52,4.77
NOR1,Eliteserien,2018,2018-05-16,17:00,Kristiansund,Ranheim,1,3,A,2.38,3.28,3.23,2.48,3.5,3.3,2.33,3.27,3.09
NOR1,Eliteserien,2018,2018-05-16,17:00,Molde,Stromsgodset,2,0,H,2.14,3.63,3.46,2.2,3.7,3.7,2.09,3.52,3.38
NOR1,Eliteserien,2018,2018-05-16,17:00,Odd,Sandefjord,5,0,H,1.56,3.95,7.31,1.61,4.0,7.31,1.55,3.85,6.38
NOR1,Eliteserien,2018,2018-05-16,17:00,Rosenborg,Lillestrom,3,0,H,1.47,4.18,8.68,1.48,4.8,9.1,1.42,4.49,7.56
NOR1,Eliteserien,2018,2018-05-16,17:00,Sarpsborg 08,Start,4,0,H,1.56,4.17,6.43,1.58,4.35,7.0,1.54,4.06,6.13
NOR1,Eliteserien,2018,2018-05-16,17:00,Valerenga,Stabaek,1,0,H,1.65,4.41,5.03,1.69,4.46,5.25,1.63,4.2,4.84
NOR1,Eliteserien,2018,2018-05-21,17:00,Haugesund,Rosenborg,1,2,A,3.62,3.35,2.18,3.62,3.4,2.33,3.37,3.25,2.21
NOR1,Eliteserien,2018,2018-05-21,17:00,Kristiansund,Stromsgodset,4,0,H,3.09,3.39,2.41,3.13,3.5,2.52,2.97,3.31,2.38
NOR1,Eliteserien,2018,2018-05-21,17:00,Ranheim,Molde,3,1,H,3.28,3.66,2.2,3.4,3.7,2.25,3.2,3.53,2.16
NOR1,Eliteserien,2018,2018-05-21,17:00,Sandefjord,Sarpsborg 08,0,1,A,4.59,3.53,1.88,4.6,3.6,1.95,4.31,3.42,1.87
NOR1,Eliteserien,2018,2018-05-21,17:00,Stabaek,Odd,2,1,H,2.5,3.55,2.85,2.55,3.56,2.95,2.45,3.4,2.81
NOR1,Eliteserien,2018,2018-05-21,17:00,Start,Bodo/Glimt,1,0,H,2.84,3.6,2.48,2.95,3.62,2.52,2.82,3.43,2.42
NOR1,Eliteserien,2018,2018-05-21,17:00,Tromso,Valerenga,3,0,H,2.38,3.64,2.96,2.4,3.68,3.15,2.31,3.5,2.93
NOR1,Eliteserien,2018,2018-05-21,19:00,Lillestrom,Brann,1,1,D,3.1,3.4,2.4,3.15,3.45,2.5,2.97,3.3,2.38
NOR1,Eliteserien,2018,2018-05-26,16:00,Valerenga,Lillestrom,1,0,H,2.0,3.72,3.78,2.1,3.76,3.85,2.0,3.6,3.57
NOR1,Eliteserien,2018,2018-05-27,17:00,Bodo/Glimt,Ranheim,4,0,H,1.68,4.31,4.83,1.75,4.4,5.0,1.68,4.01,4.69
NOR1,Eliteserien,2018,2018-05-27,17:00,Haugesund,Tromso,1,0,H,1.75,3.99,4.74,1.85,4.0,4.9,1.77,3.71,4.54
NOR1,Eliteserien,2018,2018-05-27,17:00,Molde,Start,3,1,H,1.5,4.72,6.5,1.5,5.0,7.5,1.45,4.58,6.55
NOR1,Eliteserien,2018,2018-05-27,17:00,Odd,Kristiansund,1,2,A,2.05,3.42,3.98,2.08,3.6,4.04,1.99,3.4,3.81
NOR1,Eliteserien,2018,2018-05-27,17:00,Stromsgodset,Sandefjord,2,0,H,1.36,5.38,8.8,1.42,5.5,10.5,1.34,5.07,8.86
NOR1,Eliteserien,2018,2018-05-27,19:00,Rosenborg,Brann,1,2,A,1.76,3.51,5.49,1.78,3.75,5.94,1.71,3.57,5.21
NOR1,Eliteserien,2018,2018-05-28,18:00,Sarpsborg 08,Stabaek,4,2,H,1.81,3.79,4.63,1.85,4.0,5.1,1.76,3.78,4.46
NOR1,Eliteserien,2018,2018-06-09,17:00,Kristiansund,Molde,1,0,H,2.86,3.54,2.5,2.91,3.58,2.55,2.81,3.38,2.46
NOR1,Eliteserien,2018,2018-06-10,17:00,Lillestrom,Odd,0,0,D,2.08,3.6,3.63,2.13,3.61,3.7,2.03,3.48,3.56
NOR1,Eliteserien,2018,2018-06-10,17:00,Ranheim,Sarpsborg 08,2,1,H,3.14,3.56,2.3,3.16,3.56,2.45,3.02,3.39,2.31
NOR1,Eliteserien,2018,2018-06-10,17:00,Sandefjord,Haugesund,0,2,A,3.73,3.26,2.18,3.9,3.5,2.21,3.56,3.25,2.12
NOR1,Eliteserien,2018,2018-06-10,17:00,Stabaek,Bodo/Glimt,0,0,D,2.1,3.9,3.34,2.21,4.0,3.45,2.09,3.69,3.23
NOR1,Eliteserien,2018,2018-06-10,17:00,Start,Stromsgodset,1,1,D,3.8,3.94,1.93,4.2,3.96,1.95,3.82,3.69,1.9
NOR1,Eliteserien,2018,2018-06-10,19:00,Brann,Valerenga,0,0,D,1.84,3.55,4.79,1.91,3.7,5.2,1.83,3.46,4.45
NOR1,Eliteserien,2018,2018-06-11,18:00,Tromso,Rosenborg,2,1,H,3.83,3.44,2.08,3.9,3.6,2.18,3.63,3.39,2.05
NOR1,Eliteserien,2018,2018-06-23,17:00,Molde,Stabaek,3,0,H,1.69,4.04,5.1,1.73,4.3,5.1,1.67,4.1,4.64
NOR1,Eliteserien,2018,2018-06-24,17:00,Bodo/Glimt,Sandefjord,1,1,D,1.46,4.69,7.5,1.48,4.75,7.5,1.44,4.54,6.89
NOR1,Eliteserien,2018,2018-06-24,17:00,Haugesund,Lillestrom,2,2,D,2.12,3.52,3.61,2.16,3.8,3.9,2.05,3.51,3.53
NOR1,Eliteserien,2018,2018-06-24,17:00,Sarpsborg 08,Tromso,2,3,A,1.75,3.93,4.87,1.79,3.95,5.0,1.73,3.77,4.62
NOR1,Eliteserien,2018,2018-06-24,17:00,Start,Kristiansund,2,0,H,2.52,3.28,3.02,2.78,3.4,3.05,2.47,3.24,2.89
NOR1,Eliteserien,2018,2018-06-24,17:00,Stromsgodset,Ranheim,3,0,H,1.55,4.52,5.95,1.58,4.52,6.3,1.53,4.35,5.7
NOR1,Eliteserien,2018,2018-06-24,19:00,Rosenborg,Valerenga,3,0,H,1.61,3.93,6.27,1.65,4.2,6.4,1.6,3.94,5.51
NOR1,Eliteserien,2018,2018-06-25,18:00,Odd,Brann,0,1,A,2.74,3.27,2.76,2.8,3.35,2.85,2.65,3.18,2.73
NOR1,Eliteserien,2018,2018-06-30,17:00,Valerenga,Bodo/Glimt,2,2,D,2.18,3.44,3.53,2.2,3.5,3.7,2.1,3.43,3.45
NOR1,Eliteserien,2018,2018-07-01,17:00,Brann,Molde,0,4,A,2.02,3.34,4.19,2.08,3.6,4.36,1.98,3.33,3.96
NOR1,Eliteserien,2018,2018-07-01,17:00,Kristiansund,Sarpsborg 08,1,1,D,2.69,3.43,2.71,2.85,3.45,2.75,2.67,3.31,2.61
NOR1,Eliteserien,2018,2018-07-01,17:00,Ranheim,Start,2,0,H,2.0,3.6,3.92,2.0,3.78,4.1,1.94,3.53,3.87
NOR1,Eliteserien,2018,2018-07-01,17:00,Sandefjord,Rosenborg,0,1,A,7.45,4.23,1.51,7.5,4.4,1.52,6.8,4.18,1.49
NOR1,Eliteserien,2018,2018-07-01,17:00,Tromso,Odd,2,1,H,2.07,3.55,3.74,2.11,3.6,3.95,2.04,3.48,3.55
NOR1,Eliteserien,2018,2018-07-01,19:00,Stabaek,Haugesund,2,1,H,2.44,3.67,2.86,2.65,3.67,2.86,2.45,3.46,2.77
NOR1,Eliteserien,2018,2018-07-02,17:00,Lillestrom,Stromsgodset,1,1,D,2.59,3.7,2.65,2.8,3.7,2.65,2.6,3.5,2.58
NOR1,Eliteserien,2018,2018-07-07,17:00,Rosenborg,Tromso,2,1,H,1.47,4.46,7.74,1.51,4.6,7.74,1.46,4.39,6.75
NOR1,Eliteserien,2018,2018-07-08,17:00,Bodo/Glimt,Brann,2,2,D,2.85,3.36,2.6,2.9,3.41,2.65,2.8,3.25,2.52
NOR1,Eliteserien,2018,2018-07-08,17:00,Haugesund,Sandefjord,4,2,H,1.5,4.08,8.21,1.55,4.3,8.4,1.48,4.1,7.18
NOR1,Eliteserien,2018,2018-07-08,17:00,Odd,Lillestrom,3,1,H,2.04,3.66,3.69,2.1,3.72,4.0,2.0,3.55,3.62
NOR1,Eliteserien,2018,2018-07-08,17:00,Sarpsborg 08,Ranheim,4,1,H,1.61,4.11,5.92,1.65,4.33,5.92,1.61,3.95,5.4
NOR1,Eliteserien,2018,2018-07-08,17:00,Start,Stabaek,2,1,H,2.5,3.58,2.83,2.55,3.6,2.95,2.46,3.42,2.77
NOR1,Eliteserien,2018,2018-07-08,19:00,Molde,Valerenga,5,1,H,1.7,3.97,5.19,1.77,4.15,5.19,1.71,3.82,4.72
NOR1,Eliteserien,2018,2018-07-09,18:00,Stromsgodset,Kristiansund,2,3,A,1.58,4.33,5.94,1.59,4.44,6.0,1.56,4.2,5.58
NOR1,Eliteserien,2018,2018-08-04,17:00,Ranheim,Rosenborg,1,3,A,5.17,4.01,1.69,5.17,4.01,1.87,4.48,3.72,1.77
NOR1,Eliteserien,2018,2018-08-05,17:00,Kristiansund,Odd,1,1,D,2.34,3.49,3.13,2.38,3.54,3.34,2.28,3.35,3.1
NOR1,Eliteserien,2018,2018-08-05,17:00,Stabaek,Sarpsborg 08,1,3,A,2.86,3.49,2.52,2.9,3.5,2.68,2.75,3.37,2.51
NOR1,Eliteserien,2018,2018-08-05,17:00,Stromsgodset,Bodo/Glimt,4,0,H,1.61,4.32,5.59,1.64,4.42,6.0,1.58,4.2,5.33
NOR1,Eliteserien,2018,2018-08-05,17:00,Tromso,Haugesund,1,2,A,2.04,3.7,3.66,2.1,3.7,3.85,2.03,3.55,3.51
NOR1,Eliteserien,2018,2018-08-05,17:00,Valerenga,Sandefjord,2,2,D,1.55,4.26,6.54,1.59,4.5,7.5,1.52,4.22,6.07
NOR1,Eliteserien,2018,2018-08-05,19:00,Lillestrom,Molde,2,2,D,3.19,3.73,2.21,3.35,3.8,2.28,3.15,3.53,2.18
NOR1,Eliteserien,2018,2018-08-06,18:00,Brann,Start,4,1,H,1.37,4.98,9.92,1.41,5.0,9.92,1.37,4.67,8.77
NOR1,Eliteserien,2018,2018-08-10,18:00,Sandefjord,Tromso,1,0,H,3.05,3.47,2.4,3.19,3.6,2.5,2.99,3.39,2.34
NOR1,Eliteserien,2018,2018-08-12,17:00,Bodo/Glimt,Kristiansund,3,0,H,1.89,3.87,4.06,1.92,3.99,4.1,1.88,3.72,3.91
NOR1,Eliteserien,2018,2018-08-12,17:00,Molde,Brann,5,1,H,1.99,3.68,3.85,2.15,3.76,3.85,2.03,3.51,3.58
NOR1,Eliteserien,2018,2018-08-12,17:00,Rosenborg,Stabaek,1,1,D,1.32,5.59,10.55,1.34,5.81,11.0,1.31,5.34,9.17
NOR1,Eliteserien,2018,2018-08-12,17:00,Sarpsborg 08,Lillestrom,2,0,H,2.1,3.7,3.5,2.15,3.74,3.7,2.08,3.58,3.38
NOR1,Eliteserien,2018,2018-08-12,17:00,Start,Ranheim,0,0,D,2.05,3.7,3.63,2.2,3.7,3.63,2.09,3.51,3.42
NOR1,Eliteserien,2018,2018-08-12,19:00,Odd,Stromsgodset,2,2,D,2.43,3.63,2.89,2.5,3.72,2.93,2.41,3.48,2.81
NOR1,Eliteserien,2018,2018-08-13,18:00,Haugesund,Valerenga,1,0,H,1.95,3.9,3.79,2.06,3.95,4.0,1.92,3.74,3.72
NOR1,Eliteserien,2018,2018-08-19,17:00,Brann,Sarpsborg 08,2,0,H,1.75,3.78,5.07,1.82,4.0,5.2,1.72,3.74,4.79
NOR1,Eliteserien,2018,2018-08-19,17:00,Kristiansund,Rosenborg,0,2,A,5.86,4.21,1.6,5.89,4.23,1.69,5.38,4.02,1.6
NOR1,Eliteserien,2018,2018-08-19,17:00,Lillestrom,Haugesund,1,1,D,2.09,3.65,3.57,2.21,3.65,3.75,2.09,3.53,3.38
NOR1,Eliteserien,2018,2018-08-19,17:00,Ranheim,Sandefjord,1,1,D,2.02,3.58,3.85,2.08,3.6,3.9,2.01,3.47,3.68
NOR1,Eliteserien,2018,2018-08-19,17:00,Stabaek,Molde,3,1,H,2.91,3.74,2.37,3.2,3.75,2.42,2.98,3.58,2.26
NOR1,Eliteserien,2018,2018-08-19,17:00,Stromsgodset,Start,1,1,D,1.41,5.19,7.69,1.41,5.25,9.0,1.37,5.0,7.75
NOR1,Eliteserien,2018,2018-08-19,19:00,Valerenga,Tromso,3,0,H,1.98,3.92,3.67,2.03,3.92,3.8,1.96,3.72,3.6
NOR1,Eliteserien,2018,2018-08-20,18:00,Bodo/Glimt,Odd,1,1,D,1.94,3.85,3.88,2.0,3.94,4.0,1.92,3.72,3.75
NOR1,Eliteserien,2018,2018-08-25,17:00,Tromso,Bodo/Glimt,1,2,A,2.28,3.59,3.18,2.31,3.65,3.36,2.22,3.52,3.11
NOR1,Eliteserien,2018,2018-08-26,17:00,Haugesund,Stabaek,2,0,H,2.0,3.77,3.73,2.06,4.0,3.85,1.97,3.63,3.64
NOR1,Eliteserien,2018,2018-08-26,17:00,Molde,Ranheim,2,3,A,1.39,4.8,9.72,1.42,5.13,9.72,1.37,4.81,8.33
NOR1,Eliteserien,2018,2018-08-26,17:00,Rosenborg,Stromsgodset,4,3,H,1.45,4.49,8.35,1.49,4.9,8.35,1.43,4.52,7.29
NOR1,Eliteserien,2018,2018-08-26,17:00,Sandefjord,Lillestrom,1,3,A,3.14,3.58,2.3,3.2,3.58,2.55,3.0,3.35,2.35
NOR1,Eliteserien,2018,2018-08-26,17:00,Sarpsborg 08,Kristiansund,1,2,A,2.09,3.51,3.72,2.16,3.6,3.81,2.06,3.42,3.58
NOR1,Eliteserien,2018,2018-08-26,19:00,Valerenga,Brann,2,0,H,2.5,3.48,2.85,2.62,3.58,2.94,2.45,3.38,2.83
NOR1,Eliteserien,2018,2018-08-27,18:00,Start,Odd,0,1,A,3.02,3.38,2.47,3.05,3.53,2.64,2.91,3.31,2.44
NOR1,Eliteserien,2018,2018-09-01,14:30,Stromsgodset,Tromso,2,4,A,1.63,4.28,5.35,1.64,4.4,5.75,1.6,4.19,5.18
NOR1,Eliteserien,2018,2018-09-01,17:00,Stabaek,Sandefjord,3,3,D,1.72,3.86,5.15,1.77,4.05,5.6,1.71,3.81,4.8
NOR1,Eliteserien,2018,2018-09-02,17:00,Bodo/Glimt,Sarpsborg 08,3,1,H,2.07,3.57,3.72,2.15,3.58,3.75,2.05,3.46,3.57
NOR1,Eliteserien,2018,2018-09-02,17:00,Brann,Ranheim,1,0,H,1.49,4.13,8.32,1.55,4.4,8.32,1.48,4.17,7.02
NOR1,Eliteserien,2018,2018-09-02,17:00,Kristiansund,Start,1,1,D,1.99,3.6,3.95,2.1,3.6,4.1,1.98,3.44,3.82
NOR1,Eliteserien,2018,2018-09-02,17:00,Odd,Molde,1,1,D,3.1,3.66,2.29,3.18,3.66,2.55,2.9,3.46,2.37
NOR1,Eliteserien,2018,2018-09-02,17:00,Rosenborg,Haugesund,1,0,H,1.54,4.19,6.94,1.57,4.45,6.94,1.52,4.18,6.25
NOR1,Eliteserien,2018,2018-09-02,19:00,Lillestrom,Valerenga,0,1,A,2.34,3.6,3.05,2.45,3.6,3.1,2.33,3.48,2.93
NOR1,Eliteserien,2018,2018-09-15,17:00,Haugesund,Brann,1,3,A,2.97,3.29,2.55,2.98,3.4,2.7,2.81,3.25,2.54
NOR1,Eliteserien,2018,2018-09-16,17:00,Ranheim,Stromsgodset,1,1,D,3.05,3.68,2.32,3.08,3.75,2.4,2.94,3.56,2.3
NOR1,Eliteserien,2018,2018-09-16,17:00,Sandefjord,Bodo/Glimt,1,1,D,3.44,3.54,2.18,3.6,3.62,2.22,3.36,3.48,2.12
NOR1,Eliteserien,2018,2018-09-16,17:00,Sarpsborg 08,Odd,1,2,A,1.98,3.54,4.05,2.06,3.65,4.1,1.95,3.5,3.85
NOR1,Eliteserien,2018,2018-09-16,17:00,Start,Lillestrom,3,0,H,2.91,3.41,2.52,3.01,3.45,2.75,2.74,3.34,2.55
NOR1,Eliteserien,2018,2018-09-16,17:00,Tromso,Stabaek,0,0,D,2.05,3.67,3.72,2.08,3.85,3.8,2.0,3.62,3.59
NOR1,Eliteserien,2018,2018-09-16,19:00,Valerenga,Rosenborg,2,3,A,3.35,3.62,2.19,3.35,3.7,2.24,3.2,3.51,2.17
NOR1,Eliteserien,2018,2018-09-17,18:00,Molde,Kristiansund,3,2,H,1.44,4.54,8.45,1.48,4.75,8.45,1.43,4.51,7.29
NOR1,Eliteserien,2018,2018-09-22,17:00,Odd,Valerenga,3,2,H,2.61,3.56,2.69,2.66,3.62,3.0,2.54,3.42,2.69
NOR1,Eliteserien,2018,2018-09-23,17:00,Bodo/Glimt,Start,1,2,A,1.65,4.05,5.44,1.7,4.05,5.75,1.63,3.85,5.34
NOR1,Eliteserien,2018,2018-09-23,17:00,Brann,Sandefjord,1,1,D,1.4,4.53,9.68,1.46,4.75,9.68,1.42,4.49,7.73
NOR1,Eliteserien,2018,2018-09-23,17:00,Kristiansund,Haugesund,2,1,H,2.59,3.51,2.74,2.71,3.51,2.79,2.6,3.34,2.69
NOR1,Eliteserien,2018,2018-09-23,17:00,Stabaek,Ranheim,3,2,H,1.81,3.82,4.48,1.87,4.0,4.55,1.81,3.79,4.15
NOR1,Eliteserien,2018,2018-09-23,17:00,Stromsgodset,Molde,1,2,A,2.61,3.66,2.63,2.7,3.66,2.71,2.58,3.5,2.6
NOR1,Eliteserien,2018,2018-09-23,19:00,Rosenborg,Sarpsborg 08,3,1,H,1.58,3.72,7.36,1.6,4.2,7.4,1.55,3.92,6.37
NOR1,Eliteserien,2018,2018-09-24,18:00,Lillestrom,Tromso,1,0,H,1.75,4.24,4.42,1.88,4.3,4.46,1.8,3.87,4.1
NOR1,Eliteserien,2018,2018-09-29,17:00,Sandefjord,Odd,1,1,D,3.13,3.38,2.41,3.17,3.4,2.43,3.01,3.31,2.36
NOR1,Eliteserien,2018,2018-09-30,17:00,Haugesund,Bodo/Glimt,1,0,H,2.06,3.59,3.73,2.1,3.66,3.79,2.03,3.5,3.56
NOR1,Eliteserien,2018,2018-09-30,17:00,Lillestrom,Stabaek,3,2,H,1.9,3.8,4.1,2.02,3.82,4.1,1.94,3.62,3.74
NOR1,Eliteserien,2018,2018-09-30,17:00,Ranheim,Kristiansund,2,1,H,2.18,3.52,3.45,2.25,3.53,3.5,2.15,3.42,3.32
NOR1,Eliteserien,2018,2018-09-30,17:00,Sarpsborg 08,Stromsgodset,0,1,A,1.9,3.94,3.96,2.04,3.94,4.05,1.89,3.7,3.84
NOR1,Eliteserien,2018,2018-09-30,17:00,Valerenga,Start,3,2,H,1.58,4.13,6.17,1.61,4.25,6.5,1.57,4.03,5.75
NOR1,Eliteserien,2018,2018-09-30,19:00,Molde,Rosenborg,1,0,H,2.23,3.76,3.16,2.48,3.76,3.2,2.28,3.51,2.98
NOR1,Eliteserien,2018,2018-10-01,18:00,Tromso,Brann,2,1,H,3.01,3.42,2.46,3.05,3.44,2.52,2.92,3.31,2.41
NOR1,Eliteserien,2018,2018-10-06,14:30,Stabaek,Valerenga,1,1,D,2.72,3.61,2.58,2.8,3.61,2.6,2.68,3.47,2.52
NOR1,Eliteserien,2018,2018-10-06,17:00,Stromsgodset,Haugesund,0,1,A,1.75,3.87,4.85,1.84,3.97,4.85,1.75,3.79,4.52
NOR1,Eliteserien,2018,2018-10-07,17:00,Bodo/Glimt,Molde,0,1,A,3.33,3.57,2.22,3.4,3.65,2.25,3.23,3.51,2.16
NOR1,Eliteserien,2018,2018-10-07,17:00,Kristiansund,Tromso,5,1,H,2.41,3.47,3.05,2.45,3.55,3.1,2.32,3.42,2.99
NOR1,Eliteserien,2018,2018-10-07,17:00,Odd,Ranheim,2,0,H,1.71,3.87,5.21,1.8,4.0,5.25,1.69,3.83,4.87
NOR1,Eliteserien,2018,2018-10-07,17:00,Rosenborg,Sandefjord,1,1,D,1.39,5.09,8.02,1.42,5.2,8.79,1.39,4.88,7.35
NOR1,Eliteserien,2018,2018-10-07,17:00,Start,Sarpsborg 08,1,0,H,2.75,3.38,2.7,2.75,3.41,2.85,2.6,3.31,2.68
NOR1,Eliteserien,2018,2018-10-07,19:00,Brann,Lillestrom,1,1,D,1.74,3.75,5.13,1.77,3.9,5.13,1.72,3.74,4.76
NOR1,Eliteserien,2018,2018-10-20,14:30,Molde,Sarpsborg 08,2,2,D,1.52,4.19,7.05,1.56,4.54,7.2,1.49,4.22,6.51
NOR1,Eliteserien,2018,2018-10-20,17:00,Sandefjord,Stromsgodset,2,1,H,3.52,3.67,2.1,3.52,3.7,2.2,3.34,3.55,2.1
NOR1,Eliteserien,2018,2018-10-21,17:00,Haugesund,Odd,2,0,H,2.08,3.5,3.78,2.1,3.6,3.87,2.03,3.4,3.67
NOR1,Eliteserien,2018,2018-10-21,17:00,Lillestrom,Rosenborg,0,0,D,2.92,3.44,2.52,3.1,3.5,2.55,2.86,3.38,2.42
NOR1,Eliteserien,2018,2018-10-21,17:00,Ranheim,Bodo/Glimt,0,0,D,3.12,3.72,2.26,3.15,3.72,2.5,2.95,3.46,2.33
NOR1,Eliteserien,2018,2018-10-21,17:00,Tromso,Start,1,2,A,2.28,3.47,3.3,2.35,3.5,3.6,2.22,3.39,3.2
NOR1,Eliteserien,2018,2018-10-21,17:00,Valerenga,Kristiansund,0,2,A,1.56,4.34,6.08,1.6,4.65,6.25,1.54,4.3,5.69
NOR1,Eliteserien,2018,2018-10-21,19:00,Stabaek,Brann,1,2,A,3.08,3.54,2.36,3.08,3.55,2.45,2.97,3.4,2.33
NOR1,Eliteserien,2018,2018-10-27,17:00,Stromsgodset,Valerenga,2,0,H,2.14,3.7,3.39,2.18,3.8,3.5,2.1,3.62,3.28
NOR1,Eliteserien,2018,2018-10-28,17:00,Bodo/Glimt,Stabaek,1,1,D,1.82,3.98,4.29,1.9,4.02,4.5,1.81,3.81,4.13
NOR1,Eliteserien,2018,2018-10-28,17:00,Kristiansund,Sandefjord,3,2,H,1.83,4.02,4.21,1.95,4.02,4.34,1.83,3.77,4.06
NOR1,Eliteserien,2018,2018-10-28,17:00,Odd,Tromso,1,0,H,1.84,4.05,4.1,1.87,4.05,4.5,1.82,3.8,4.1
NOR1,Eliteserien,2018,2018-10-28,17:00,Ranheim,Lillestrom,3,2,H,3.01,3.53,2.41,3.1,3.6,2.45,2.92,3.44,2.36
NOR1,Eliteserien,2018,2018-10-28,17:00,Sarpsborg 08,Haugesund,2,1,H,2.01,3.41,4.14,2.1,3.52,4.25,1.99,3.4,3.84
NOR1,Eliteserien,2018,2018-10-28,19:00,Brann,Rosenborg,1,2,A,2.72,3.5,2.65,2.78,3.5,2.82,2.61,3.33,2.67
NOR1,Eliteserien,2018,2018-10-29,18:00,Start,Molde,1,3,A,4.88,3.89,1.75,5.05,4.1,1.77,4.63,3.84,1.72
NOR1,Eliteserien,2018,2018-11-03,17:00,Stabaek,Kristiansund,0,1,A,1.71,4.03,4.89,1.78,4.05,5.1,1.7,3.88,4.66
NOR1,Eliteserien,2018,2018-11-04,17:00,Haugesund,Ranheim,2,0,H,1.64,4.28,5.16,1.66,4.3,5.7,1.62,4.05,5.2
NOR1,Eliteserien,2018,2018-11-04,17:00,Rosenborg,Odd,3,1,H,1.42,4.72,8.04,1.45,4.9,8.4,1.41,4.63,7.58
NOR1,Eliteserien,2018,2018-11-04,17:00,Sandefjord,Start,4,1,H,2.87,3.54,2.5,2.9,3.54,2.6,2.8,3.39,2.45
NOR1,Eliteserien,2018,2018-11-04,17:00,Tromso,Molde,2,4,A,3.83,3.79,1.97,4.25,4.0,2.0,3.73,3.72,1.92
NOR1,Eliteserien,2018,2018-11-04,17:00,Valerenga,Sarpsborg 08,0,0,D,2.08,3.55,3.71,2.13,3.65,3.75,2.04,3.51,3.53
NOR1,Eliteserien,2018,2018-11-04,19:00,Brann,Stromsgodset,3,1,H,1.77,3.72,4.97,1.79,4.0,5.1,1.73,3.78,4.67
NOR1,Eliteserien,2018,2018-11-05,18:00,Lillestrom,Bodo/Glimt,1,1,D,2.05,3.39,4.01,2.14,3.45,4.01,2.06,3.35,3.64
NOR1,Eliteserien,2018,2018-11-11,17:00,Bodo/Glimt,Valerenga,1,1,D,1.72,4.29,4.49,1.8,4.32,5.0,1.71,3.98,4.48
NOR1,Eliteserien,2018,2018-11-11,17:00,Kristiansund,Brann,3,1,H,3.43,3.89,2.07,3.5,3.89,2.15,3.33,3.63,2.07
NOR1,Eliteserien,2018,2018-11-11,17:00,Molde,Haugesund,2,0,H,1.52,4.26,6.77,1.53,4.55,7.0,1.48,4.35,6.4
NOR1,Eliteserien,2018,2018-11-11,17:00,Odd,Stabaek,0,3,A,2.05,3.86,3.51,2.15,3.9,3.59,2.03,3.73,3.33
NOR1,Eliteserien,2018,2018-11-11,17:00,Ranheim,Tromso,1,2,A,2.26,3.83,3.05,2.3,3.83,3.2,2.24,3.6,3.0
NOR1,Eliteserien,2018,2018-11-11,17:00,Sarpsborg 08,Sandefjord,1,1,D,1.75,3.88,4.87,1.75,4.15,5.07,1.71,3.87,4.62
NOR1,Eliteserien,2018,2018-11-11,17:00,Start,Rosenborg,0,1,A,4.59,3.58,1.86,4.75,3.63,1.9,4.33,3.51,1.84
NOR1,Eliteserien,2018,2018-11-11,17:00,Stromsgodset,Lillestrom,2,2,D,2.12,3.45,3.69,2.15,3.65,3.75,2.06,3.5,3.48
NOR1,Eliteserien,2018,2018-11-24,17:00,Brann,Odd,1,0,H,1.59,4.16,5.96,1.64,4.2,6.0,1.58,4.0,5.56
NOR1,Eliteserien,2018,2018-11-24,17:00,Haugesund,Start,3,1,H,2.25,3.71,3.14,2.35,3.71,3.18,2.24,3.5,3.03
NOR1,Eliteserien,2018,2018-11-24,17:00,Lillestrom,Kristiansund,2,0,H,1.57,4.57,5.43,1.59,4.6,5.75,1.54,4.37,5.42
NOR1,Eliteserien,2018,2018-11-24,17:00,Rosenborg,Bodo/Glimt,1,1,D,1.75,3.62,5.36,1.75,3.83,5.5,1.71,3.63,4.96
NOR1,Eliteserien,2018,2018-11-24,17:00,Sandefjord,Molde,1,3,A,5.73,4.74,1.53,6.25,4.8,1.57,5.79,4.52,1.5
NOR1,Eliteserien,2018,2018-11-24,17:00,Stabaek,Stromsgodset,2,2,D,2.41,3.53,3.01,2.41,3.62,3.1,2.32,3.48,2.93
NOR1,Eliteserien,2018,2018-11-24,17:00,Tromso,Sarpsborg 08,0,2,A,2.52,3.68,2.77,2.53,3.68,3.05,2.41,3.54,2.76
NOR1,Eliteserien,2018,2018-11-24,17:00,Valerenga,Ranheim,2,1,H,1.62,4.36,5.24,1.65,4.55,5.47,1.61,4.18,5.06
NOR1,Eliteserien,2018,2018-12-09,17:00,Aalesund,Stabaek,1,1,D,2.33,3.69,3.02,2.45,3.69,3.2,2.26,3.46,3.0
